{"cameraMode":{"drawMode":0,"name":"Shaded","section":"Shading Mode"},"sceneLighting":false,"audioPlay":false,"sceneViewState":{"m_AlwaysRefresh":false,"showFog":true,"showSkybox":false,"showFlares":true,"showImageEffects":true,"showParticleSystems":true,"showVisualEffectGraphs":true,"m_FxEnabled":true},"in2DMode":false,"pivot":{"x":2.8129665851593019,"y":5.032719135284424,"z":17.981212615966798},"rotation":{"x":-0.14057603478431703,"y":0.06089562922716141,"z":-0.008633852005004883,"w":-0.9881576895713806},"size":13.066587448120118,"orthographic":false}