{"cameraMode":{"drawMode":0,"name":"Shaded","section":"Shading Mode"},"sceneLighting":false,"audioPlay":false,"sceneViewState":{"m_AlwaysRefresh":false,"showFog":true,"showSkybox":false,"showFlares":true,"showImageEffects":true,"showParticleSystems":true,"showVisualEffectGraphs":true,"m_FxEnabled":true},"in2DMode":false,"pivot":{"x":0.022559165954589845,"y":-0.3924999237060547,"z":-12.500000953674317},"rotation":{"x":-0.22487224638462068,"y":0.000049708280130289495,"z":0.000014936226762074511,"w":-0.9743970632553101},"size":14.00683307647705,"orthographic":false}