{"cameraMode":{"drawMode":0,"name":"Shaded","section":"Shading Mode"},"sceneLighting":false,"audioPlay":false,"sceneViewState":{"m_AlwaysRefresh":false,"showFog":true,"showSkybox":false,"showFlares":true,"showImageEffects":true,"showParticleSystems":true,"showVisualEffectGraphs":true,"m_FxEnabled":true},"in2DMode":false,"pivot":{"x":24.12531280517578,"y":10.642376899719239,"z":-6.869394779205322},"rotation":{"x":-0.25674206018447878,"y":0.17855608463287354,"z":-0.048295773565769199,"w":-0.9486173391342163},"size":0.08883887529373169,"orthographic":false}